original_file,palette,find,replace,new_file_1,new_file_2,new_file_3
BESTBUY(2728-c)-04.svg,Palette Color 1,#122028,#FFFFFF,BESTBUY(2728-c)-05.svg,BESTBUY(2728-c)-08.svg,BESTBUY(2728-c)-11.svg
BESTBUY(2728-c)-04.svg,Palette Color 1,#122028,#FFFFFF,BESTBUY(2728-c)-06.svg,BESTBUY(2728-c)-09.svg,BESTBUY(2728-c)-12.svg
BESTBUY(2728-c)-04.svg,Palette Color 1,#122028,#FFFFFF,BESTBUY(2728-c)-02.svg,BESTBUY(2728-c)-03.svg,
BESTBUY(2728-c)-04.svg,Palette Color 2,#fff300,#FFFFFF,BB.svg,,
GOPUFF_(299-c)-04.svg,Palette Color 1,#00a0df,#00a0df,GOPUFF_(299-c)-05.svg,GOPUFF_(299-c)-08.svg,GOPUFF_(299-c)-011.svg
GOPUFF_(299-c)-04.svg,Palette Color 1,#00a0df,#FFFFFF,GOPUFF_(299-c)-06.svg,GOPUFF_(299-c)-09.svg,GOPUFF_(299-c)-012.svg
GOPUFF_(299-c)-04.svg,Palette Color 1,#00a0df,#000000,GOPUFF_(299-c)-01.svg,,
GOPUFF_(299-c)-04.svg,Palette Color 1,#00a0df,#FFFFFF,GOPUFF_(299-c)-02.svg,GOPUFF_(299-c)-03.svg,
IE(2089-c)-04.svg,Palette Color 1,#231f20,#FFFFFF,IE(2089-c)-05.svg,IE(2089-c)-08.svg,IE(2089-c)-011.svg
IE(2089-c)-04.svg,Palette Color 1,#231f20,#FFFFFF,IE(2089-c)-06.svg,IE(2089-c)-09.svg,IE(2089-c)-012.svg
IE(2089-c)-04.svg,Palette Color 2,#7249bc,#FFFFFF,Iev.svg,,
IE(2089-c)-04.svg,Palette Color 1,#231f20,#000000,IE(2089-c)-01.svg,,
IE(2089-c)-04.svg,Palette Color 2,#7249bc,#000000,Iew.svg,,
IE(2089-c)-04.svg,Palette Color 1,#231f20,#FFFFFF,IE(2089-c)-02.svg,IE(2089-c)-03.svg,
IE(2089-c)-04.svg,Palette Color 2,#7249bc,#FFFFFF,Iex.svg,,