file,fill2,fill
/Users/peterrodinis/Downloads/svgo 2/1d(288-c)-04.svg,#514b4c,#8fb834,#0178a3,#f47c21
/Users/peterrodinis/Downloads/svgo 2/3m(485-c)-04.svg,
/Users/peterrodinis/Downloads/svgo 2/AB(485-c)-04.svg,#525d72,#525d72,#9f7239,#000,#d9ad2e,#a17b2e,#000,#000,#c68c2a,#b49f72,#000,#000,#000,#SVGID,#SVGID,#SVGID,#SVGID,#SVGID,#SVGID,#SVGID,#SVGID,#SVGID,#SVGID,#SVGID,#SVGID,#SVGID,#SVGID,#SVGID,#SVGID,#SVGID,#SVGID,#SVGID,#SVGID,#SVGID,#cc2137,#634b12,#000,#5d3800,#SVGID,#SVGID,#SVGID,#SVGID,#SVGID,#SVGID,#SVGID,#SVGID,#SVGID,#SVGID,#SVGID,#SVGID,#SVGID,#SVGID,#SVGID,#SVGID,#SVGID,#SVGID,#SVGID,#SVGID,#SVGID,#SVGID,#SVGID,#SVGID,#SVGID,#SVGID,#SVGID
/Users/peterrodinis/Downloads/svgo 2/ABC(419-c)-04.svg,#d31245,#005daa
/Users/peterrodinis/Downloads/svgo 2/ABC(7258-c)-04.svg,#fff,#c23b33,#483729,#564f24,#da8824
/Users/peterrodinis/Downloads/svgo 2/AEG(7463-c)-04.svg,#c01531,#002c4d
/Users/peterrodinis/Downloads/svgo 2/AFFINITY(269-C)-04.svg,#522d6d
/Users/peterrodinis/Downloads/svgo 2/AIME(315-u)-04.svg,#26647b,#0093d3,#6ad5f9
/Users/peterrodinis/Downloads/svgo 2/AL(419-c)-04.svg,#231f20
/Users/peterrodinis/Downloads/svgo 2/ALLOY(419-c)-04.svg,#333132
/Users/peterrodinis/Downloads/svgo 2/ALLSTAR(187-c)-04.svg,#d0202e,#56565a,#fff
/Users/peterrodinis/Downloads/svgo 2/ALLSTAR(485-c)-04.svg,#56565a,#d0202e,#fff
/Users/peterrodinis/Downloads/svgo 2/APRES(7745-c)-04.svg,#b4bd00,#54565a
/Users/peterrodinis/Downloads/svgo 2/ASTRO(296-c)-04.svg,#ff5d01
/Users/peterrodinis/Downloads/svgo 2/AUGARIAN(485-c)-04.svg,#e70c00
/Users/peterrodinis/Downloads/svgo 2/AW(647-c)-04.svg,#23618e,#58595b,#498ac9,#24618e,#fff,#65666b
/Users/peterrodinis/Downloads/svgo 2/Anatomage(7679-c)-04.svg,#573c81
/Users/peterrodinis/Downloads/svgo 2/Aurora(419-c)-04.svg,#5deb5a
/Users/peterrodinis/Downloads/svgo 2/BAE(485-c)-04.svg,#f03,#fff
/Users/peterrodinis/Downloads/svgo 2/BB(289-c)-04.svg,#0a2240
/Users/peterrodinis/Downloads/svgo 2/BEND_HEALTH(321-c)-04.svg,#1d8b8c,#1d8b8b,#80c57a
/Users/peterrodinis/Downloads/svgo 2/BERNARD(299-c)-04.svg,#009ade
/Users/peterrodinis/Downloads/svgo 2/BESTBUY(2728-c)-04.svg,#122028,#fff300
/Users/peterrodinis/Downloads/svgo 2/BEYOND(cool-gray-6)-04.svg,#a7a8a9
/Users/peterrodinis/Downloads/svgo 2/BTM(286-c)-04.svg,#bccb2a,#0079c0
/Users/peterrodinis/Downloads/svgo 2/BULLFROG(cool-grey-6)-04.svg,#abb0b5,#393a38
/Users/peterrodinis/Downloads/svgo 2/BWS(2766-c)-04.svg,#c51f30,#790016,#0093d0,#c5161d,#07074e
/Users/peterrodinis/Downloads/svgo 2/C2C(2727-c)-04.svg,#1f87fc
/Users/peterrodinis/Downloads/svgo 2/CA(654-c)-04.svg,#08417b,#f05a28,#97a93f,#942c92
/Users/peterrodinis/Downloads/svgo 2/CBRE(336-c)-04.svg,#036b4e
/Users/peterrodinis/Downloads/svgo 2/CENEX(187-c)-04.svg,#fff,#bf3038
/Users/peterrodinis/Downloads/svgo 2/CHS(286-c)-04.svg,#231f20,#005da9
/Users/peterrodinis/Downloads/svgo 2/COACHKEN(419-c)-04.svg,
/Users/peterrodinis/Downloads/svgo 2/CORNERSHOP(419-c)-04.svg,#231f20
/Users/peterrodinis/Downloads/svgo 2/CRESTWOOD(307-c)-04.svg,#45c7f5,#333
/Users/peterrodinis/Downloads/svgo 2/CT(419-c)-04.svg,
/Users/peterrodinis/Downloads/svgo 2/Cargill(348-c)-04.svg,#161413,#00812e
/Users/peterrodinis/Downloads/svgo 2/Center(282-c)-04.svg,#001a34
/Users/peterrodinis/Downloads/svgo 2/DATABRICKS(432-c)-04.svg,#2f3f47,#ff3622
/Users/peterrodinis/Downloads/svgo 2/Delicato(2324-c)-04.svg,#472425,#b1a283
/Users/peterrodinis/Downloads/svgo 2/Doordash(485-c)-04.svg,#ff3008
/Users/peterrodinis/Downloads/svgo 2/Doormart(485-c)-04.svg,#ff3008
/Users/peterrodinis/Downloads/svgo 2/Driven(419-c)-04.svg,#231f20
/Users/peterrodinis/Downloads/svgo 2/EDGE(294-c)-04.svg,#233366,#92b1df
/Users/peterrodinis/Downloads/svgo 2/EOS(4146-c)-04.svg,#1b1d36,#f05a2f,#SVGID,#SVGID,#f05a2f
/Users/peterrodinis/Downloads/svgo 2/EVISORT(294-c)-04.svg,#002e6e,#0088cf
/Users/peterrodinis/Downloads/svgo 2/FCB(419-c)-04.svg,#808184,#SVGID,#SVGID
/Users/peterrodinis/Downloads/svgo 2/FIVETRAN(2727-c)-04.svg,#0073ff
/Users/peterrodinis/Downloads/svgo 2/Flex(2756-c)-04.svg,#0f206c
/Users/peterrodinis/Downloads/svgo 2/GCM(7700-c)-04.svg,#245a76,#5d5c62
/Users/peterrodinis/Downloads/svgo 2/GOPUFF_(299-c)-04.svg,#00a0df
/Users/peterrodinis/Downloads/svgo 2/GPX(7416-c)-04.svg,#ed6861,#ed6861
/Users/peterrodinis/Downloads/svgo 2/GRADIENT(419-c)-04.svg,#1f1f1f,#1f1f1f,#1f1f1f
/Users/peterrodinis/Downloads/svgo 2/Gorilla(419-c)-04.svg,#fff,#ff2c2c
/Users/peterrodinis/Downloads/svgo 2/HH(7625-c)-04.svg,#134754,#e34841
/Users/peterrodinis/Downloads/svgo 2/HORIZONTAL(432-u)-04.svg,#323e48
/Users/peterrodinis/Downloads/svgo 2/HORTON(302-c)-04.svg,#003c60,#d92a1a
/Users/peterrodinis/Downloads/svgo 2/HUSTLE(419-c)-04.svg,#231f20
/Users/peterrodinis/Downloads/svgo 2/Henson(warm-gray-4-u)-04.svg,#b5ada5,#54565a
/Users/peterrodinis/Downloads/svgo 2/Huntington(368-c)-04.svg,#726963,#6cbe45
/Users/peterrodinis/Downloads/svgo 2/IE(2089-c)-04.svg,#231f20,#7249bc
/Users/peterrodinis/Downloads/svgo 2/INDEX(485-c)-04.svg,#e1251b
/Users/peterrodinis/Downloads/svgo 2/Integrity(647-c)-04.svg,#236092
/Users/peterrodinis/Downloads/svgo 2/JANESTREET(419-c)-04.svg,
/Users/peterrodinis/Downloads/svgo 2/KK(360-c)-04.svg,#415526,#8dc63f
/Users/peterrodinis/Downloads/svgo 2/KO(2935-c)-04.svg,#0055b8
/Users/peterrodinis/Downloads/svgo 2/KZ(419-c)-04.svg,#231f20
/Users/peterrodinis/Downloads/svgo 2/Klarna(203-c)-04.svg,#231f20
/Users/peterrodinis/Downloads/svgo 2/LOCKTON(294-c)-04.svg,#002e6d
/Users/peterrodinis/Downloads/svgo 2/LOOP(1235-c)-04.svg,
/Users/peterrodinis/Downloads/svgo 2/LUMEN(299-c)-04.svg,#00a9df
/Users/peterrodinis/Downloads/svgo 2/LYMAN(7533-c)-04.svg,#c23b33,#483729,#fff
/Users/peterrodinis/Downloads/svgo 2/LegalZoom(2728-c)-04.svg,#06f,#06f,#06f
/Users/peterrodinis/Downloads/svgo 2/Lurie(7462-c)-04.svg,#00538b
/Users/peterrodinis/Downloads/svgo 2/MADERIA(cool-gray-10-c)-04.svg,#ffb71b,#7e7e7e,#575757
/Users/peterrodinis/Downloads/svgo 2/MATTERMOST(7684-c)-04.svg,#263145,#3465af,#485daa
/Users/peterrodinis/Downloads/svgo 2/MB(7579-c)-04.svg,#e0592a
/Users/peterrodinis/Downloads/svgo 2/METROPOLIS(2125-c)-04.svg,
/Users/peterrodinis/Downloads/svgo 2/MICROSOFT(11-0601-tcx)-04.svg,#737373,#f25022,#7fba00,#00a4ef,#ffb900
/Users/peterrodinis/Downloads/svgo 2/MILK(2925-c)-04.svg,#00a3f6,#fff,#202020,#fff,#eff7ff,#c6e2ff,#a0cfff,#80bfff,#64b1ff,#4ea6ff,#3d9dff,#3297ff,#2b94ff,#2993ff,#1b98fc,#00a3f6,#SVGID
/Users/peterrodinis/Downloads/svgo 2/MILLHOUSE(172-C)-04.svg,#ff4713,#003b71
/Users/peterrodinis/Downloads/svgo 2/MIMI(447-c)-04.svg,#3a373a,#c6b6ac,#8c7f71
/Users/peterrodinis/Downloads/svgo 2/MW(7686-c)-04.svg,#004b87
/Users/peterrodinis/Downloads/svgo 2/Matchstick(7597-c)-04.svg,#fb954a,#ee5e3e,#d63c26
/Users/peterrodinis/Downloads/svgo 2/NCR(360-c)-04.svg,#54b848
/Users/peterrodinis/Downloads/svgo 2/ND(280-u)-04.svg,#3a417c,#fff
/Users/peterrodinis/Downloads/svgo 2/NEAR(419-c)-04.svg,#231f20
/Users/peterrodinis/Downloads/svgo 2/NL(7683-c)-04.svg,#1f73ae
/Users/peterrodinis/Downloads/svgo 2/NORTHBAY(7693-c)-04.svg,#00416d,#f6911e
/Users/peterrodinis/Downloads/svgo 2/NP(545-c)-04.svg,#323e48
/Users/peterrodinis/Downloads/svgo 2/NWM(286-c)-04.svg,#0c4a7b
/Users/peterrodinis/Downloads/svgo 2/NWM(7693-c)-04.svg,#0c4a7b
/Users/peterrodinis/Downloads/svgo 2/NatureWorks(426-u)-04.svg,#0081c3,#00a796
/Users/peterrodinis/Downloads/svgo 2/Noodle(633-u)-04.svg,#007da5
/Users/peterrodinis/Downloads/svgo 2/Northland(419-c)-04.svg,#231f20
/Users/peterrodinis/Downloads/svgo 2/Nouryon(286-c)-04.svg,#043f76
/Users/peterrodinis/Downloads/svgo 2/Nutrafol(7473-c)-04.svg,#2d2d2d
/Users/peterrodinis/Downloads/svgo 2/OCEANTECH(307-c)-04.svg,#196aa2,#6dac3b
/Users/peterrodinis/Downloads/svgo 2/OPENSEA(2727-c)-04.svg,#fff,#0b141e,#3f7cbe
/Users/peterrodinis/Downloads/svgo 2/OSSO(2766-c)-04.svg,#98d3f4,#542ca3,#9dcaff,#SVGID,#542ca3,#9dcaff,#SVGID
/Users/peterrodinis/Downloads/svgo 2/Orange(1585-c)-04.svg,#ff6c0e,#e1251b,#5e7775
/Users/peterrodinis/Downloads/svgo 2/PCL(3435-c)-04.svg,#231f20,#124734,#ffc629
/Users/peterrodinis/Downloads/svgo 2/POACHED(419-c)-04.svg,
/Users/peterrodinis/Downloads/svgo 2/POSTMAN(1645-c)-04.svg,#fff,#ff6c37
/Users/peterrodinis/Downloads/svgo 2/PS(cool-gray-8-c)-04.svg,#e72a54,#575757,#841f45,#52a2b1,#90ccd5
/Users/peterrodinis/Downloads/svgo 2/PS(orange-021-c)-04.svg,#fe5000
/Users/peterrodinis/Downloads/svgo 2/Paragon(447-c)-04.svg,#333
/Users/peterrodinis/Downloads/svgo 2/Premier(485-c)-04.svg,#b02025
/Users/peterrodinis/Downloads/svgo 2/ProduceAlliance(349-cp)-04.svg,#006b35,#bfd22b,#f57f29
/Users/peterrodinis/Downloads/svgo 2/ProtectWell(301-c)-04.svg,#00456f,#00ac4a
/Users/peterrodinis/Downloads/svgo 2/Qwick(319-c)-04.svg,#1ecad3,#415364
/Users/peterrodinis/Downloads/svgo 2/RBC(286-c)-04.svg,#0033a1,#ffcd00,#fff
/Users/peterrodinis/Downloads/svgo 2/REPUBLIC(301-c)-04.svg,#d23252,#005583
/Users/peterrodinis/Downloads/svgo 2/ROWCAL(285-c)-04.svg,#323e48,#0071ce
/Users/peterrodinis/Downloads/svgo 2/ROWCAL(7461-c)-04.svg,#323e48,#007cba
/Users/peterrodinis/Downloads/svgo 2/RW(2925-c)-04.svg,#0092d0,#ed2a74
/Users/peterrodinis/Downloads/svgo 2/RYAN(7737-c)-04.svg,#286141,#6ca442
/Users/peterrodinis/Downloads/svgo 2/SB(361-c)-04.svg,#ffdf1c
/Users/peterrodinis/Downloads/svgo 2/SCHEELS(485-c)-04.svg,#d81f33
/Users/peterrodinis/Downloads/svgo 2/SLEEPNUMBER(653-c)-04.svg,#fff,#004b8c
/Users/peterrodinis/Downloads/svgo 2/STACK-(orange-021-u)-04.svg,#1e1b1d,#bbb,#f58025
/Users/peterrodinis/Downloads/svgo 2/STJUDES(193-CP)-04.svg,#474c55,#d01847
/Users/peterrodinis/Downloads/svgo 2/STRATEGIC(7687-c)-04.svg,#25418a,#a0d1e6,#81b1d4,#3d61a6
/Users/peterrodinis/Downloads/svgo 2/STT(268-c)-04.svg,#9e28b5,#510c76,#502875
/Users/peterrodinis/Downloads/svgo 2/Sam(357-c)-04.svg,#060f17,#006937,#006937
/Users/peterrodinis/Downloads/svgo 2/Savoy(485-c)-04.svg,#e1251b
/Users/peterrodinis/Downloads/svgo 2/Simplebet(2725-c)-04.svg,
/Users/peterrodinis/Downloads/svgo 2/Starkey(654-c)-04.svg,#003a70,#eba900
/Users/peterrodinis/Downloads/svgo 2/Strategic(7684-c)-04.svg,#26408b,#a0d2e7,#81b1d5,#3d60a7
/Users/peterrodinis/Downloads/svgo 2/TAMARACK(554-c)-04.svg,#00754a
/Users/peterrodinis/Downloads/svgo 2/THUMBTACK(419-c)-04.svg,#372e2c
/Users/peterrodinis/Downloads/svgo 2/THUMBTACK(801-c)-04.svg,#372e2c
/Users/peterrodinis/Downloads/svgo 2/TRUCKSMARTER(7409-c)-04.svg,#231f20
/Users/peterrodinis/Downloads/svgo 2/TT(485-c)-04.svg,#0b0a0a,#ed1c24
/Users/peterrodinis/Downloads/svgo 2/TotalExpert(293-u)-04.svg,#255fac
/Users/peterrodinis/Downloads/svgo 2/Tradition(black-7-c)-04.svg,#3d3935,#986238
/Users/peterrodinis/Downloads/svgo 2/U4B(419-c)-04.svg,
/Users/peterrodinis/Downloads/svgo 2/UBER(419-C)-04.svg,#121919
/Users/peterrodinis/Downloads/svgo 2/UBER4BUSINESS(419-c)-04.svg,#231f20
/Users/peterrodinis/Downloads/svgo 2/UBEREATS(7480-c)-04.svg,#05c167
/Users/peterrodinis/Downloads/svgo 2/UBER_EATS(361-c)-04.svg,#3dae2b
/Users/peterrodinis/Downloads/svgo 2/UBER_FREIGHT(419-c)-04.svg,
/Users/peterrodinis/Downloads/svgo 2/UBI(419-c)-04.svg,
/Users/peterrodinis/Downloads/svgo 2/URSAMAJOR(419-c)URSA-04.svg,
/Users/peterrodinis/Downloads/svgo 2/UofM(202-c)-04.svg,#2f2e2f,#841f32
/Users/peterrodinis/Downloads/svgo 2/VERDES(7483-c)-04.svg,#68813c,#36563d,#9caa50,#36563d,#36563d,#SVGID,#68813c,#68813c,#68813c,#SVGID,#68813c,#68813c,#SVGID,#68813c,#68813c,#SVGID,#68813c,#68813c,#SVGID
/Users/peterrodinis/Downloads/svgo 2/VIAVI(2607-c)-04.svg,#510c76
/Users/peterrodinis/Downloads/svgo 2/Verkada(419-c)-04.svg,
/Users/peterrodinis/Downloads/svgo 2/WECO(419-c)-04.svg,#231f20
/Users/peterrodinis/Downloads/svgo 2/WOVEN(419-c)-04.svg,#444,#575a60,#d80c28,#6f7278,#414449,#aaa,#75777b,#eb0a1e,#980321,#ccc
/Users/peterrodinis/Downloads/svgo 2/Waxing(1585-c)-04.svg,#ff6c0e
/Users/peterrodinis/Downloads/svgo 2/Weekes(419-c)-04.svg,#efb81d,#231f20
/Users/peterrodinis/Downloads/svgo 2/Westwood(485-c)-04.svg,#e1251b
/Users/peterrodinis/Downloads/svgo 2/Wolverine(cool-gray-1)-04.svg,#515252,#c1c0d3,#8c9dc3,#4f72a2,#fff67f,#002a64,#fff333,#004f84,#fff,#ffffe2,#fffdc5,#fff200
/Users/peterrodinis/Downloads/svgo 2/XMPT(2685-c)-04.svg,#31006e,#fc4f37
/Users/peterrodinis/Downloads/svgo 2/Yamamoto(485-c)-04.svg,#ed1c24
/Users/peterrodinis/Downloads/svgo 2/ZF(539-c)-04.svg,#131e29,#e4002b,#ba0c2f
/Users/peterrodinis/Downloads/svgo 2/anytime(2587-c)-04.svg,#8147ad
/Users/peterrodinis/Downloads/svgo 2/armory(419-c)-04.svg,
/Users/peterrodinis/Downloads/svgo 2/array(102-c)-04.svg,
/Users/peterrodinis/Downloads/svgo 2/asia(555-c)-04.svg,#ffafa1,#ffe2e0,#SVGID,#SVGID,#2b6b46,#SVGID,#SVGID,#fc8484,#SVGID,#SVGID,#fff,#SVGID,#SVGID,#SVGID,#SVGID,#SVGID,#SVGID,#fc8484,#SVGID,#SVGID,#fc8484,#SVGID,#SVGID,#fc8484,#SVGID,#SVGID,#SVGID,#SVGID,#ffe2e0,#SVGID,#SVGID,#SVGID,#SVGID,#ffe2e0,#SVGID,#SVGID,#ffafa1,#SVGID,#SVGID,#ffafa1,#SVGID,#SVGID,#ffafa1,#SVGID,#SVGID,#fc8484,#SVGID,#SVGID,#fff,#SVGID,#SVGID,#ffc043,#SVGID,#SVGID,#fc8484,#SVGID,#SVGID
/Users/peterrodinis/Downloads/svgo 2/bakertilly(433-c)-04.svg,
/Users/peterrodinis/Downloads/svgo 2/balanced(266-c)-04.svg,#773dbd
/Users/peterrodinis/Downloads/svgo 2/bf(306-c)-04.svg,#231f20,#00b3e6
/Users/peterrodinis/Downloads/svgo 2/bob(710-c)-04.svg,#fff
/Users/peterrodinis/Downloads/svgo 2/branded(2766-c)-04.svg,#021d49
/Users/peterrodinis/Downloads/svgo 2/bread(7709-c)-04.svg,#fff,#12294b,#59beca
/Users/peterrodinis/Downloads/svgo 2/brian(284-c)-04.svg,#425cc7,#fff,#eba900
/Users/peterrodinis/Downloads/svgo 2/c4(3945-c)-04.svg,#f3e500
/Users/peterrodinis/Downloads/svgo 2/c4(yellow-01-c)-04.svg,#ffd600
/Users/peterrodinis/Downloads/svgo 2/calabrio(485-c)-04.svg,#e1251b
/Users/peterrodinis/Downloads/svgo 2/capitolis(419-c)-04.svg,
/Users/peterrodinis/Downloads/svgo 2/chargebee(1645-c)-04.svg,
/Users/peterrodinis/Downloads/svgo 2/comlink(186-c)-04.svg,#cf102d,#adadad
/Users/peterrodinis/Downloads/svgo 2/commondesk(419-c)-04.svg,
/Users/peterrodinis/Downloads/svgo 2/constructcap(419-c)-04.svg,#2c2b2b
/Users/peterrodinis/Downloads/svgo 2/copham(7527-u)-04.svg,#2e2e2b
/Users/peterrodinis/Downloads/svgo 2/crave(485-c)-04.svg,#d00a2c
/Users/peterrodinis/Downloads/svgo 2/deel(7687-c)-04.svg,#1c4396,#2c71f0
/Users/peterrodinis/Downloads/svgo 2/docusign(419-c)-04.svg,
/Users/peterrodinis/Downloads/svgo 2/doran(534-c)-04.svg,#063259
/Users/peterrodinis/Downloads/svgo 2/ecapital(660-c)-04.svg,#65666b,#0073c1,#ffc200
/Users/peterrodinis/Downloads/svgo 2/ef(419-c)-04.svg,
/Users/peterrodinis/Downloads/svgo 2/egglife(122-c)-04.svg,#415364
/Users/peterrodinis/Downloads/svgo 2/element(539-c)-04.svg,#192e44,#82c341
/Users/peterrodinis/Downloads/svgo 2/eleyo(375-u)-04.svg,#7cc73e
/Users/peterrodinis/Downloads/svgo 2/endpoint(7689-c)-04.svg,#222,#238dc1
/Users/peterrodinis/Downloads/svgo 2/faerly(323-u)-04.svg,
/Users/peterrodinis/Downloads/svgo 2/frana(cool-gray-3-c)-04.svg,#2a2a2d,#9b9bab
/Users/peterrodinis/Downloads/svgo 2/gassen(555-c)-04.svg,#006548
/Users/peterrodinis/Downloads/svgo 2/github(419-c)-04.svg,#24292f
/Users/peterrodinis/Downloads/svgo 2/glacier(299-c)-04.svg,#231f20,#00a7e1,#fff
/Users/peterrodinis/Downloads/svgo 2/glia(266-c)-04.svg,#SVGID,#SVGID,#2c0735,#861eec,#47018c,#SVGID,#861eec,#47018c,#SVGID,#8922ee,#692dbe,#SVGID
/Users/peterrodinis/Downloads/svgo 2/gopro(299-c)-04.svg,#00aeef,#005dac
/Users/peterrodinis/Downloads/svgo 2/her(5015-u)-04.svg,#c9a0a4
/Users/peterrodinis/Downloads/svgo 2/hook(2767-c)-04.svg,#a28f43,#30302f,#30302f
/Users/peterrodinis/Downloads/svgo 2/humdinger(268-c)-04.svg,#592c82
/Users/peterrodinis/Downloads/svgo 2/intellex(419-c)-04.svg,#808184,#edae48
/Users/peterrodinis/Downloads/svgo 2/invitae(7473-c)-04.svg,#231f20,#0688b2,#10ada1,#66c07f,#a4d172
/Users/peterrodinis/Downloads/svgo 2/ironmark(1585-c)-04.svg,#ff5100
/Users/peterrodinis/Downloads/svgo 2/irving(286-c)-04.svg,#28419e,#ee293d
/Users/peterrodinis/Downloads/svgo 2/kinship(179-c)-04.svg,#ee4235
/Users/peterrodinis/Downloads/svgo 2/kl(485-c)-04.svg,#231f20,#fff,#e1251b
/Users/peterrodinis/Downloads/svgo 2/krm(281-c)-04.svg,#0d497b,#797d82
/Users/peterrodinis/Downloads/svgo 2/lejeune(116-c)-04.svg,#24272a
/Users/peterrodinis/Downloads/svgo 2/markethire(233-cp)-04.svg,#fcde3d,#ff52e5
/Users/peterrodinis/Downloads/svgo 2/medtronic(7686-c)-04.svg,#224a87
/Users/peterrodinis/Downloads/svgo 2/mp(419-c)-04.svg,#001027
/Users/peterrodinis/Downloads/svgo 2/nuleev(419-c)-04.svg,#bb9a37,#444141
/Users/peterrodinis/Downloads/svgo 2/onni(5395-c)-04.svg,#636569,#636569,#807f82
/Users/peterrodinis/Downloads/svgo 2/openbay(1495-c)-04.svg,#f5871f,#231f20,#fff
/Users/peterrodinis/Downloads/svgo 2/openwater(2767-c)-04.svg,#0d2345,#004c78,#007bc1,#00c2f3,#17acb9
/Users/peterrodinis/Downloads/svgo 2/panthelassa(419-c)-04.svg,
/Users/peterrodinis/Downloads/svgo 2/piprude(7690-c)-04.svg,#363f45,#0479aa
/Users/peterrodinis/Downloads/svgo 2/ps(7459-u)-04.svg,#4a4f54,#3f96b4
/Users/peterrodinis/Downloads/svgo 2/reuterwalton(7740-c)-04.svg,#231f20,#05934a
/Users/peterrodinis/Downloads/svgo 2/rue21(419-c)-04.svg,#231f20
/Users/peterrodinis/Downloads/svgo 2/saturday(1235-c)-04.svg,#f9a51a,#fff,#231f20
/Users/peterrodinis/Downloads/svgo 2/sc(2925-c)-04.svg,#192426,#20a5e1,#192426
/Users/peterrodinis/Downloads/svgo 2/seeq(419-c)-04.svg,
/Users/peterrodinis/Downloads/svgo 2/sila(143-u)-04.svg,#f69348
/Users/peterrodinis/Downloads/svgo 2/smartpress(272-c)-04.svg,#3a8dde
/Users/peterrodinis/Downloads/svgo 2/snap(485-c)-04.svg,#c4161c,#6f7074
/Users/peterrodinis/Downloads/svgo 2/sportsdigita(288-u)-04.svg,#00cbd5
/Users/peterrodinis/Downloads/svgo 2/statcord(419-c)-04.svg,#1cbbb6,#5db202
/Users/peterrodinis/Downloads/svgo 2/stax(540-u)-04.svg,#3e5170
/Users/peterrodinis/Downloads/svgo 2/studio(654-u)-04.svg,
/Users/peterrodinis/Downloads/svgo 2/sunday(219-c)-04.svg,#13100d,#e6007e
/Users/peterrodinis/Downloads/svgo 2/swade(419-c)-04.svg,#85754e
/Users/peterrodinis/Downloads/svgo 2/sweathouze(317-c)-04.svg,#231f20,#afe2e3
/Users/peterrodinis/Downloads/svgo 2/thielen(269-c)-04.svg,#4f2683
/Users/peterrodinis/Downloads/svgo 2/tract(286-c)-04.svg,#2846a7
/Users/peterrodinis/Downloads/svgo 2/treku(419-c)-04.svg,#231f20,#ce0e2d
/Users/peterrodinis/Downloads/svgo 2/upgrad(red-032-c)-04.svg,#f5333f
/Users/peterrodinis/Downloads/svgo 2/upgrade(3405-c)-04.svg,#00ac69
/Users/peterrodinis/Downloads/svgo 2/voyager(419-c)-04.svg,
/Users/peterrodinis/Downloads/svgo 2/wework(419-c)-04.svg,
/Users/peterrodinis/Downloads/svgo 2/wild(360-c)-04.svg,#0b2343,#6abc45
/Users/peterrodinis/Downloads/svgo 2/workday(2935-u)-04.svg,#3069b5,#f49813
/Users/peterrodinis/Downloads/svgo 2/workwise(343-c)-04.svg,#095540
/Users/peterrodinis/Downloads/svgo 2/zip(3245-u)-04.svg,#001a40,#0fe
/Users/peterrodinis/Downloads/svgo 2/zoom(1375-c)-04.svg,#f7941d,#58595b
/Users/peterrodinis/Downloads/svgo 2/zoomo(419-c)-04.svg,
/Users/peterrodinis/Downloads/svgo 2/zuora(333-c)-04.svg,#00d2b9
