original_file,find1,replace1,find2,replace2,find3,replace3,find4,replace4,new_file
BESTBUY(2728-c)-04.svg,#122028,#FFFFFF,#fff300,#fff300,,,,,BESTBUY(2728-c)-05.svg
BESTBUY(2728-c)-04.svg,#122029,#FFFFFF,#fff300,#fff300,,,,,BESTBUY(2728-c)-08.svg
BESTBUY(2728-c)-04.svg,#122030,#FFFFFF,#fff300,#fff300,,,,,BESTBUY(2728-c)-11.svg
BESTBUY(2728-c)-04.svg,#122028,#FFFFFF,#fff300,#fff300,,,,,BESTBUY(2728-c)-06.svg
BESTBUY(2728-c)-04.svg,#122029,#FFFFFF,#fff300,#fff300,,,,,BESTBUY(2728-c)-09.svg
BESTBUY(2728-c)-04.svg,#122030,#FFFFFF,#fff300,#fff300,,,,,BESTBUY(2728-c)-12.svg
BESTBUY(2728-c)-04.svg,#122028,#122028,#fff300,#122028,,,,,BESTBUY(2728-c)-01.svg
BESTBUY(2728-c)-04.svg,#122028,#FFFFFF,#fff300,#FFFFFF,,,,,BESTBUY(2728-c)-02.svg
BESTBUY(2728-c)-04.svg,#122029,#FFFFFF,#fff301,#FFFFFF,,,,,BESTBUY(2728-c)-03.svg
GOPUFF_(299-c)-04.svg,#00a0df,#00a0df,,,,,,,GOPUFF_(299-c)-05.svg
GOPUFF_(299-c)-04.svg,#00a0df,#00a0df,,,,,,,GOPUFF_(299-c)-08.svg
GOPUFF_(299-c)-04.svg,#00a0df,#00a0df,,,,,,,GOPUFF_(299-c)-011.svg
GOPUFF_(299-c)-04.svg,#00a0df,#FFFFFF,,,,,,,GOPUFF_(299-c)-06.svg
GOPUFF_(299-c)-04.svg,#00a0df,#FFFFFF,,,,,,,GOPUFF_(299-c)-09.svg
GOPUFF_(299-c)-04.svg,#00a0df,#FFFFFF,,,,,,,GOPUFF_(299-c)-012.svg
GOPUFF_(299-c)-04.svg,#00a0df,#000000,,,,,,,GOPUFF_(299-c)-01.svg
GOPUFF_(299-c)-04.svg,#00a0df,#FFFFFF,,,,,,,GOPUFF_(299-c)-02.svg
GOPUFF_(299-c)-04.svg,#00a0df,#FFFFFF,,,,,,,GOPUFF_(299-c)-03.svg
IE(2089-c)-04.svg,#231f20,#FFFFFF,#7249bc,#7249bc,,,,,IE(2089-c)-05.svg
IE(2089-c)-04.svg,#231f21,#FFFFFF,#7249bc,#7249bc,,,,,IE(2089-c)-08.svg
IE(2089-c)-04.svg,#231f22,#FFFFFF,#7249bc,#7249bc,,,,,IE(2089-c)-011.svg
IE(2089-c)-04.svg,#231f20,#FFFFFF,#7249bc,#FFFFFF,,,,,IE(2089-c)-06.svg
IE(2089-c)-04.svg,#231f21,#FFFFFF,#7249bc,#FFFFFF,,,,,IE(2089-c)-09.svg
IE(2089-c)-04.svg,#231f22,#FFFFFF,#7249bc,#FFFFFF,,,,,IE(2089-c)-012.svg
IE(2089-c)-04.svg,#231f20,#000000,#7249bc,#000000,,,,,IE(2089-c)-01.svg
IE(2089-c)-04.svg,#231f20,#FFFFFF,#7249bc,#FFFFFF,,,,,IE(2089-c)-02.svg
IE(2089-c)-04.svg,#231f21,#FFFFFF,#7249bc,#FFFFFF,,,,,IE(2089-c)-03.svg