new_file,version,original_file,brand_name,find1,replace1,find2,replace2,find3,replace3,,PRESET?
ABC-04.svg,4,ABC,ABC,#005daa,#005daa,#d31245,#d31245,,,,PRESET 1 - DON�T CHANGE ANYTHING ON ANY COLOR
ABC-05.svg,5,ABC,ABC,#005daa,#005daa,#d31245,#d31245,,,,
ABC-06.svg,6,ABC,ABC,#005daa,#005daa,#d31245,#d31245,,,,
ABC-01.svg,1,ABC,ABC,#005daa,#005daa,#d31245,#d31245,,,,
AEG-04.svg,4,AEG,AEG,#002c4d,#002c4d,#c01531,#c01531,,,,
AEG-05.svg,5,AEG,AEG,#002c4d,#ffffff,#c01531,#ffffff,,,,
AEG-06.svg,6,AEG,AEG,#002c4d,#ffffff,#c01531,#ffffff,,,,
AEG-01.svg,1,AEG,AEG,#002c4d,#000000,#c01531,#000000,,,,
AFFINITY-04.svg,4,AFFINITY,AFFINITY,#522d6d,#522d6d,,,,,,
AFFINITY-05.svg,5,AFFINITY,AFFINITY,#522d6d,#ffffff,,,,,,
AFFINITY-06.svg,6,AFFINITY,AFFINITY,#522d6d,#ffffff,,,,,,
AFFINITY-01.svg,1,AFFINITY,AFFINITY,#522d6d,#ffffff,,,,,,
ALLSTAR-04.svg,4,ALLSTAR,ALLSTAR,#56565a,#56565a,#d0202e,#d0202e,#ffffff,#ffffff,,
ALLSTAR-05.svg,5,ALLSTAR,ALLSTAR,#56565a,#ffffff,#d0202e,#d0202e,#ffffff,#ffffff,,
ALLSTAR-06.svg,6,ALLSTAR,ALLSTAR,#56565a,#ffffff,#d0202e,#ffffff,#ffffff,#ffffff,,
ALLSTAR-01.svg,1,ALLSTAR,ALLSTAR,#56565a,#ffffff,#d0202e,#ffffff,#ffffff,#ffffff,,
AIME-04.svg,4,AIME,AIME,#0093d3,#0093d4,#26647b,#26647b,#6ad5f9,#6ad5f9,,
AIME-05.svg,5,AIME,AIME,#0093d3,#ffffff,#26647b,#ffffff,#6ad5f9,#ffffff,,
AIME-06.svg,6,AIME,AIME,#0093d3,#ffffff,#26647b,#ffffff,#6ad5f9,#ffffff,,
AIME-01.svg,1,AIME,AIME,#0093d3,#ffffff,#26647b,#ffffff,#6ad5f9,#ffffff,,
,,,,,,,,,,,
,,,,,,,,,,,
,,,,,,,,,,,
,,,,,,,,,,,
,,,,,,,,,,,
,,,,,,,,,,,